class,x_center,y_center,width_ratio,height_ratio,img_w,img_h,top_row,bottom_row,left_col,right_col,c_col,fov_h_deg,bar_length,phi,top_theta,bottom_theta,distance,distance_z
0,0.441949,0.700135,0.155165,0.219907,1024,768,453.25939199999993,622.147968,373.111296,532.000256,452.55577600000004,20,0.9,-0.020469055911331434,-0.023847625599101377,-0.08183229880556944,15.473673379067629,-1.2690803385067322
